Clave;Provincia de Valencia;Km costa;Numero de playas;Viviendas;Hombres;Mujeres;Habitantes
46001;Ademuz;0;0;507;601;598;1199
46002;Ador;0;0;367;570;555;1125
46004;Agullent;0;0;628;1064;1140;2204
46042;Aielo de Malferit;0;0;1121;1949;2004;3953
46005;Alaquas;0;0;7033;12869;13056;25925
46006;Albaida;0;0;1781;2844;2938;5782
46007;Albal;0;0;2771;5586;5653;11239
46008;Albalat de la Ribera;0;0;1158;1696;1796;3492
46009;Albalat dels Sorells;0,3;0;1129;1706;1810;3516
46010;Albalat dels Tarongers;0;0;195;348;316;664
46011;Alberic;0;0;2614;4479;4652;9131
46012;Alborache;0;0;312;456;441;897
46013;Alboraya;3,4;1;3654;7245;7383;14628
46014;Albuixech;1;0;1060;1495;1554;3049
46015;Alcacer;0;0;2259;3722;3653;7375
46016;Alcantera de Xuquer;0;0;454;720;739;1459
46018;Alcublas;0;0;324;460;397;857
46020;Alcudia de Crespins, l';0;0;1234;2038;2088;4126
46019;Alcudia, l';0;0;3077;5155;5300;10455
46021;Aldaia;0;0;6466;12088;12006;24094
46022;Alfafar;0;0;6181;9573;9857;19430
46024;Alfara de Algimia;0;0;179;247;252;499
46025;Alfara del Patriarca;0;0;905;1334;1392;2726
46026;Alfarp;0;0;432;636;667;1303
46027;Alfarrasi;0;0;352;594;631;1225
46023;Alfauir;0;0;103;184;172;356
46028;Algar de Palancia;0;0;156;206;210;416
46029;Algemesi;0;0;7927;12283;12611;24894
46030;Algimia de Alfara;0;0;292;409;410;819
46031;Alginet;0;0;3642;6009;6053;12062
46032;Almassera;0;0;1708;2664;2859;5523
46033;Almisera;0;0;70;114;126;240
46034;Almoines;0;0;616;854;871;1725
46035;Almussafes;0;0;1957;3519;3511;7030
46036;Alpuente;0;0;449;492;466;958
46037;Alqueria de la Comtessa, l';0;0;511;688;769;1457
46017;Alzira;0;0;12738;19709;20681;40390
46038;Andilla;0;0;85;173;138;311
46039;Anna;0;0;836;1293;1281;2574
46040;Antella;0;0;560;763;770;1533
46041;Aras de Alpuente;0;0;155;222;175;397
46003;Atzeneta d'Albaida;0;0;376;629;603;1232
46043;Ayelo de Rugat;0;0;72;101;92;193
46044;Ayora;0;0;1734;2814;2687;5501
46046;Barx;0;0;333;570;610;1180
46045;Barxeta;0;0;527;814;798;1612
46047;Belgida;0;0;220;325;349;674
46048;Bellreguard;0,7;1;1172;1876;1884;3760
46049;Bellus;0;0;135;194;197;391
46050;Benageber;0;0;46;86;71;157
46051;Benaguasil;0;0;2850;4609;4542;9151
46052;Benavites;0;0;222;313;337;650
46053;Beneixida;0;0;163;309;342;651
46054;Benetusser;0;0;4181;6834;6937;13771
46055;Beniarjo;0;0;399;568;602;1170
46056;Beniatjar;0;0;87;121;119;240
46057;Benicolet;0;0;144;251;238;489
46060;Benifaio;0;0;3689;5974;6146;12120
46059;Benifairo de la Valldigna;0;0;528;807;827;1634
46058;Benifairo de les Valls;0;0;654;973;993;1966
46061;Benifla;0;0;53;70;87;157
46062;Beniganim;0;0;1560;2767;2672;5439
46063;Benimodo;0;0;587;905;855;1760
46064;Benimuslem;0;0;190;271;280;551
46065;Beniparrell;0;0;415;808;770;1578
46066;Benirredra;0;0;264;493;542;1035
46067;Benisano;0;0;531;870;825;1695
46068;Benisoda;0;0;91;166;132;298
46069;Benisuera;0;0;72;89;102;191
46070;Betera;0;0;3056;6142;6234;12376
46071;Bicorp;0;0;266;341;355;696
46072;Bocairent;0;0;1433;2261;2325;4586
46073;Bolbaite;0;0;485;729;703;1432
46074;Bonrepos i Mirambell;0;0;741;1153;1202;2355
46075;Bufali;0;0;64;104;112;216
46076;Bugarra;0;0;341;417;419;836
46077;Buñol;0;0;2814;4631;4727;9358
46078;Burjassot;0;0;10184;16699;17727;34426
46079;Calles;0;0;177;232;202;434
46080;Camporrobles;0;0;552;699;680;1379
46081;Canals;0;0;3696;6370;6487;12857
46082;Canet d'En Berenguer;1,5;1;501;1081;1163;2244
46083;Carcaixent;0;0;6405;10107;10615;20722
46084;Carcer;0;0;662;983;1051;2034
46085;Carlet;0;0;4136;6879;7177;14056
46086;Carricola;0;0;22;37;41;78
46087;Casas Altas;0;0;68;87;76;163
46088;Casas Bajas;0;0;143;161;139;300
46089;Casinos;0;0;743;1206;1110;2316
46090;Castello de Rugat;0;0;653;1051;1001;2052
46091;Castellonet de la Conquesta;0;0;35;78;69;147
46092;Castielfabib;0;0;261;289;247;536
46093;Catadau;0;0;783;1114;1159;2273
46094;Catarroja;0;0;6296;10052;10411;20463
46095;Caudete de las Fuentes;0;0;331;410;402;812
46096;Cerda;0;0;87;145;148;293
46107;Chella;0;0;833;1247;1278;2525
46106;Chelva;0;0;738;1096;1078;2174
46108;Chera;0;0;237;289;278;567
46109;Cheste;0;0;2124;3451;3383;6834
46111;Chiva;0;0;2335;4525;4535;9060
46112;Chulilla;0;0;266;365;374;739
46097;Cofrentes;0;0;307;487;503;990
46098;Corbera;0;0;1063;1491;1608;3099
46099;Cortes de Pallas;0;0;263;337;308;645
46100;Cotes;0;0;127;170;202;372
46105;Cullera;21;9;6791;10047;10350;20397
46113;Daimus;2;1;469;721;717;1438
46114;Domeño;0;0;142;253;238;491
46115;Dos Aguas;0;0;141;219;170;389
46116;Eliana, l';0;0;2412;6066;6001;12067
46117;Emperador;0;0;60;94;98;192
46118;Enguera;0;0;1565;2321;2377;4698
46119;enova, l';0;0;416;538;522;1060
46120;Estivella;0;0;376;500;576;1076
46121;Estubeny;0;0;47;63;79;142
46122;Faura;0;0;938;1413;1406;2819
46123;Favara;0;0;561;830;893;1723
46126;Foios;0;0;1626;2555;2710;5265
46128;Font de la Figuera, la;0;0;834;1078;1052;2130
46127;Font d'En Carros, la;0;0;1026;1576;1595;3171
46124;Fontanars dels Alforins;0;0;295;504;468;972
46125;Fortaleny;0;0;327;508;487;995
46129;Fuenterrobles;0;0;250;372;347;719
46131;Gandia;4;1;16065;28075;29443;57518
46130;Gavarda;0;0;364;600;644;1244
46132;Genoves;0;0;637;1158;1165;2323
46133;Gestalgar;0;0;240;327;333;660
46134;Gilet;0;0;392;735;745;1480
46135;Godella;0;0;2850;5257;5501;10758
46136;Godelleta;0;0;561;1046;1098;2144
46137;Granja de la Costera, la;0;0;137;169;188;357
46138;Guadasequies;0;0;122;203;187;390
46139;Guadassuar;0;0;1727;2672;2690;5362
46140;Guardamar;0,6;0;25;38;32;70
46141;Higueruelas;0;0;189;291;268;559
46142;Jalance;0;0;449;563;540;1103
46144;Jarafuel;0;0;369;501;449;950
46154;Llanera de Ranes;0;0;318;518;495;1013
46155;Llauri;0;0;468;643;645;1288
46147;Lliria;0;0;4288;7885;7915;15800
46153;Llocnou de Sant Jeroni;0;0;201;276;279;555
46156;Llombai;0;0;704;1121;1107;2228
46157;Llosa de Ranes;0;0;1085;1902;1784;3686
46150;Llutxent;0;0;683;1205;1173;2378
46148;Loriguilla;0;0;311;509;494;1003
46149;Losa del Obispo;0;0;204;226;236;462
46151;Lugar Nuevo de Fenollet;0;0;194;352;370;722
46152;Lugar Nuevo de la Corona;0;0;40;49;57;106
46158;Macastre;0;0;288;490;510;1000
46159;Manises;0;0;7164;11799;12341;24140
46160;Manuel;0;0;770;1176;1249;2425
46161;Marines;0;0;350;700;641;1341
46162;Masalaves;0;0;493;747;723;1470
46163;Massalfassar;1;0;494;665;686;1351
46164;Massamagrell;0,3;0;3619;6157;6342;12499
46165;Massanassa;0;0;2453;3717;3932;7649
46166;Meliana;1,8;0;2796;4462;4701;9163
46167;Millares;0;0;242;331;345;676
46168;Miramar;1,6;1;360;542;572;1114
46169;Mislata;0;0;11875;19710;20638;40348
46170;Moixent;0;0;1274;2141;2096;4237
46171;Moncada;0;0;5287;9118;9286;18404
46172;Monserrat;0;0;794;1514;1444;2958
46173;Montaverner;0;0;510;837;825;1662
46174;Montesa;0;0;404;629;629;1258
46175;Montichelvo;0;0;189;306;295;601
46176;Montroy;0;0;492;771;743;1514
46177;Museros;0;0;1277;2074;2087;4161
46178;Naquera;0;0;451;1193;1184;2377
46179;Navarres;0;0;962;1381;1367;2748
46180;Novetle;0;0;174;318;346;664
46181;Oliva;9;4;6462;10128;10449;20577
46183;Olleria, l';0;0;2026;3582;3423;7005
46182;Olocau;0;0;221;393;393;786
46184;Ontinyent;0;0;8961;15444;15899;31343
46185;Otos;0;0;189;263;261;524
46186;Paiporta;0;0;4671;8692;8798;17490
46187;Palma de Gandia;0;0;525;742;778;1520
46188;Palmera;0;0;177;271;273;544
46189;Palomar;0;0;169;244;249;493
46190;Paterna;0;0;11896;22933;23447;46380
46191;Pedralba;0;0;734;1072;1013;2085
46192;Petres;0;0;243;361;380;741
46193;Picanya;0;0;2331;4364;4377;8741
46194;Picassent;0;0;4320;7886;7669;15555
46195;Piles;2;1;719;951;995;1946
46196;Pinet;0;0;73;119;109;228
46199;Pobla de Farnals, la;1;1;1431;2600;2591;5191
46202;Pobla de Vallbona, la;0;0;2431;5399;5164;10563
46200;Pobla del Duc, la;0;0;844;1192;1243;2435
46203;Pobla Llarga, la;0;0;1473;2108;2231;4339
46197;Polinya de Xuquer;0;0;998;1512;1519;3031
46198;Potries;0;0;319;462;477;939
46205;Puçol;2,2;1;3902;6827;7103;13930
46201;Puebla de San Miguel;0;0;20;43;37;80
46204;Puig;3,5;3;2106;3458;3581;7039
46101;Quart de les Valls;0;0;376;516;567;1083
46102;Quart de Poblet;0;0;7934;13152;13514;26666
46103;Quartell;0;0;441;670;696;1366
46104;Quatretonda;0;0;841;1287;1224;2511
46206;Quesa;0;0;275;397;394;791
46207;Rafelbunyol;0;0;1545;2576;2697;5273
46208;Rafelcofer;0;0;492;663;740;1403
46209;Rafelguaraf;0;0;752;1202;1251;2453
46210;Rafol de Salem;0;0;117;176;196;372
46211;Real de Gandia;0;0;610;856;934;1790
46212;Real de Montroi;0;0;599;927;887;1814
46213;Requena;0;0;5488;9459;9370;18829
46214;Riba-roja de Turia;0;0;3020;5801;5870;11671
46215;Riola;0;0;542;781;803;1584
46216;Rocafort;0;0;1173;2261;2368;4629
46217;Rotgla y Corbera;0;0;326;512;504;1016
46218;Rotova;0;0;404;673;658;1331
46219;Rugat;0;0;67;96;98;194
46220;Sagunt;13;3;17754;27546;29061;56607
46221;Salem;0;0;150;236;233;469
46222;San Juan de enova;0;0;112;162;196;358
46223;Sedavi;0;0;2480;4041;4235;8276
46224;Segart;0;0;51;78;90;168
46225;Sellent;0;0;148;253;226;479
46226;Sempere;0;0;17;17;14;31
46227;Senyera;0;0;244;438;482;920
46228;Serra;0;0;464;860;852;1712
46229;Siete Aguas;0;0;321;542;520;1062
46230;Silla;0;0;4979;8000;7880;15880
46231;Simat de la Valldigna;0;0;1031;1584;1536;3120
46232;Sinarcas;0;0;427;664;606;1270
46233;Sollana;0;0;1352;2151;2300;4451
46234;Sot de Chera;0;0;118;140;135;275
46235;Sueca;8;7;7224;12226;12667;24893
46236;Sumacarcer;0;0;488;691;684;1375
46237;Tavernes Blanques;0;0;2427;4122;4287;8409
46238;Tavernes de la Valldigna;6;2;5190;8071;8176;16247
46239;Teresa de Cofrentes;0;0;316;369;359;728
46240;Terrateig;0;0;79;106;100;206
46241;Titaguas;0;0;221;302;252;554
46242;Torrebaja;0;0;199;228;222;450
46243;Torrella;0;0;61;98;98;196
46244;Torrent;0;0;16149;31017;31545;62562
46245;Torres Torres;0;0;124;206;209;415
46246;Tous;0;0;479;582;600;1182
46247;Tuejar;0;0;519;687;624;1311
46248;Turis;0;0;1329;2337;2223;4560
46249;Utiel;0;0;3767;5887;5956;11843
46250;Valencia;24;6;246755;351211;388201;739412
46251;Vallada;0;0;906;1496;1476;2972
46252;Vallanca;0;0;106;113;123;236
46253;Valles;0;0;30;55;46;101
46254;Venta del Moro;0;0;611;814;787;1601
46256;Vilamarxant;0;0;1499;2948;2865;5813
46255;Villalonga;0;0;1242;1823;1826;3649
46257;Villanueva de Castellon;0;0;2493;3478;3552;7030
46258;Villar del Arzobispo;0;0;1163;1745;1749;3494
46259;Villargordo del Cabriel;0;0;282;355;339;694
46260;Vinalesa;0;0;679;1091;1204;2295
46145;Xativa;0;0;7527;12077;12801;24878
46143;Xeraco;3;1;1499;2355;2399;4754
46146;Xeresa;0;0;700;950;928;1878
46110;Xirivella;0;0;8024;12831;13116;25947
46261;Yatova;0;0;655;1046;967;2013
46262;Yesa, la;0;0;132;144;143;287
46263;Zarra;0;0;168;220;196;416
