52362548A;Laura Rodriguez;32;Calleja. 25;Madrid;916549684;25/02/1994;25/05/2036
36254147Z;Jorge Escribano;56;Posada. 45;Teruel;604785324;24/05/1970;25/05/2036
02568424X;Jaime Lorenzo;14;Ejercito. 27;Guadalajara;665845126;13/05/2012;13/05/2042
63325691K;Sofia Rosales;19;Avd. Prado. 2;Salamanca;919645465;12/04/2007;25/05/2036
69352158D;Luisa Mercero;26;Peñarroya. 34;Madrid;916541565;03/09/2000;25/05/2036
36995215Y;Javier Melero;75;Laguna. 45;Malaga;667654654;09/04/1951;25/05/2031
52456854H ;Sonia Lopez;24;Cuesta. 56;Toledo;687654654;26/10/2002;25/05/2036
36236948T;Alicia Forner;32;Moscu. 32;Toledo;942654694;15/02/1994;25/05/2036
32698542H;Jose Mariano;26;Alpedrete. 1;Toledo;941654654;26/04/2000;25/05/2036
02545875L;Juan Boadella;25;Matadero. 34;Soria;953654544;23/06/2001;25/05/2036
69582364S;Pedro Martos;52;Cadiz. 34;Soria;626544141;15/08/1974;25/05/2036
39565875P;Ivanka Saries;19;Martorell. 34;Soria;626544165;02/06/2007;25/05/2036
75623658G;Emilia Vazquez;35;Benavides. 23;Soria;952654564;23/09/1991;25/05/2036
33652158F;Elvira Benart;37;Plaza Real. 23;Soria;635645655;08/01/1989;25/05/2036
01254875K;Carlos Ruiz;49;Eslovaquia. 12;Soria;669654146;03/05/1977;25/05/2036
78542564A;Victor Alamo;56;Mineria. 32;Oviedo;985546565;04/07/1970;25/05/2036
22569584E;Antonio Diaz;56;Astorga. 12;Oviedo;986964565;08/07/1970;25/05/2036
36452685S;Almudena Santos;24;Ferrocarril. 2;Gijon;695191496;25/10/2002;25/05/2036
68476544T;Francisco Moles;82;Cantabria. 34;Gijon;654611544;03/09/1944;25/05/2031
65746454Q;Oscar Quintana;23;Austrias. 45;Madrid;919832165;09/12/2003;25/05/2036
96265154P;Monica Santos;25;Vinateros. 12;Madrid;916655285;09/07/2001;25/05/2036
65467651E;Enrique Rubio;15;La Estrella. 9;Madrid;636546544;03/11/2011;03/11/2041
52125245D;Felix Aragones;65;Usera. 56;Madrid;916546541;05/08/1961;25/05/2036
50149641W;Sergio Sanchez;41;Puerta Sol. 12;Madrid;636584654;06/12/1985;25/05/2036
65469395V;Rafael Miño;52;Albarracin. 6;Jaen;953654647;05/07/1974;25/05/2036
36254256S;Camilo Beriyan;49;Granadero. 56;Jaen;665416441;23/05/1977;25/05/2036
68769425O;Arancha Yuste;38;Albufera. 3;Valencia;946519441;03/06/1988;25/05/2036
12451257F;Patricia Sanz;29;Conseller. 2;Valencia;956546514;23/07/1997;25/05/2036
42654644M;Luis Gonzalez;24;Pallarols. 67;Valencia;623165643;05/09/2002;25/05/2036
01245785F;Samuel Jurado;58;Alborada. 12;Valencia;696546518;09/12/1968;25/05/2036
